City_ID,City,Lat,Lng,Max Temp,Humidity,Cloudiness,Wind Speed,Country,Date
0,Busselton,-33.65,115.3333,53.35,93,100,13.11,AU,2022-07-17 17:29:02
1,Zambezi,-13.5432,23.1047,63.5,31,4,4.88,ZM,2022-07-17 17:29:02
2,Henties Bay,-22.116,14.2845,67.78,49,3,8.9,NA,2022-07-17 17:29:03
3,Adamovka,51.5223,59.9396,73.06,58,72,5.21,RU,2022-07-17 17:29:04
4,Rawson,-43.3002,-65.1023,49.86,46,83,20.96,AR,2022-07-17 17:29:05
5,Dikson,73.5069,80.5464,45.48,79,64,8.57,RU,2022-07-17 17:29:06
6,Narsaq,60.9167,-46.05,59.22,65,7,9.04,GL,2022-07-17 17:29:06
7,Bejar,40.3864,-5.7634,97.57,10,2,7.56,ES,2022-07-17 17:29:07
8,Upernavik,72.7868,-56.1549,41.14,86,61,14.32,GL,2022-07-17 17:29:08
9,Gaoua,10.2992,-3.2508,81.01,67,79,3.47,BF,2022-07-17 17:29:09
10,Mizdah,31.4451,12.9801,91.24,16,0,19.1,LY,2022-07-17 17:29:09
11,Kalmunai,7.4167,81.8167,81.9,82,100,1.43,LK,2022-07-17 17:29:10
12,Ushuaia,-54.8,-68.3,42.46,52,40,5.75,AR,2022-07-17 17:29:11
13,Hermanus,-34.4187,19.2345,60.8,79,0,12.55,ZA,2022-07-17 17:29:11
14,Ornskoldsvik,63.2909,18.7153,59.95,63,100,10.36,SE,2022-07-17 17:29:12
15,Miracatu,-24.2814,-47.4597,75.81,58,100,5.55,BR,2022-07-17 17:29:13
16,Cape Town,-33.9258,18.4232,61.12,87,75,14.97,ZA,2022-07-17 17:29:14
17,Kruisfontein,-34.0033,24.7314,75.88,27,1,8.03,ZA,2022-07-17 17:29:15
18,Torbay,47.6666,-52.7314,77.76,58,100,10.36,CA,2022-07-17 17:29:16
19,Raudeberg,61.9875,5.1352,57.87,88,79,21.77,NO,2022-07-17 17:29:17
20,Port Alfred,-33.5906,26.891,72.45,38,3,10.89,ZA,2022-07-17 17:29:18
21,Mitu,1.1983,-70.1733,81.52,84,76,3.0,CO,2022-07-17 17:29:19
22,Arequipa,-16.3989,-71.535,71.67,11,0,9.22,PE,2022-07-17 17:29:20
23,Victoria,22.2855,114.1577,86.38,81,100,10.0,HK,2022-07-17 17:24:45
24,Souillac,-20.5167,57.5167,70.18,64,40,19.57,MU,2022-07-17 17:29:21
25,Progreso,21.2833,-89.6667,93.11,56,20,10.02,MX,2022-07-17 17:29:21
26,Mar Del Plata,-38.0023,-57.5575,58.95,41,0,19.57,AR,2022-07-17 17:25:23
27,Saint-Philippe,-21.3585,55.7679,69.39,78,90,16.31,RE,2022-07-17 17:29:22
28,Nanortalik,60.1432,-45.2371,43.81,80,59,12.21,GL,2022-07-17 17:29:23
29,Mangrol,21.1167,70.1167,81.03,87,75,18.37,IN,2022-07-17 17:29:23
30,Semirom,31.4167,51.5667,70.77,12,0,11.18,IR,2022-07-17 17:29:24
31,Jamestown,42.097,-79.2353,80.02,70,100,8.05,US,2022-07-17 17:24:35
32,Georgetown,5.4112,100.3354,84.88,89,20,2.3,MY,2022-07-17 17:26:27
33,Rocha,-34.4833,-54.3333,52.68,53,1,15.46,UY,2022-07-17 17:29:25
34,Abu Samrah,35.3029,37.1841,89.1,28,0,11.92,SY,2022-07-17 17:29:26
35,Bathsheba,13.2167,-59.5167,88.41,77,20,25.32,BB,2022-07-17 17:29:26
36,Grindavik,63.8424,-22.4338,52.27,82,75,11.5,IS,2022-07-17 17:29:27
37,Pontal Do Parana,-25.6533,-48.5128,66.15,72,40,4.61,BR,2022-07-17 17:29:28
38,Korla,41.7597,86.1469,80.35,27,49,5.26,CN,2022-07-17 17:29:28
39,Bardiyah,31.7561,25.0865,81.63,55,0,12.44,LY,2022-07-17 17:29:29
40,Itaituba,-4.2761,-55.9836,95.16,49,40,9.22,BR,2022-07-17 17:29:29
41,Grand Gaube,-20.0064,57.6608,70.2,65,45,11.01,MU,2022-07-17 17:29:30
42,Namibe,-15.1961,12.1522,63.23,88,100,12.66,AO,2022-07-17 17:26:09
43,Kangaatsiaq,68.3065,-53.4641,41.56,86,12,13.47,GL,2022-07-17 17:30:32
44,Mkushi,-13.6202,29.3939,56.75,57,73,9.55,ZM,2022-07-17 17:30:33
45,Guaruja,-23.9931,-46.2564,73.26,73,75,8.05,BR,2022-07-17 17:30:34
46,Calama,-22.4667,-68.9333,70.29,2,0,3.44,CL,2022-07-17 17:27:22
47,Clyde River,70.4692,-68.5914,35.83,87,100,13.8,CA,2022-07-17 17:30:35
48,Vardo,70.3705,31.1107,57.18,82,0,8.05,NO,2022-07-17 17:30:36
49,Saldanha,-33.0117,17.9442,59.05,93,0,7.96,ZA,2022-07-17 17:30:37
50,Hithadhoo,-0.6,73.0833,76.91,90,100,28.27,MV,2022-07-17 17:30:37
51,Tasiilaq,65.6145,-37.6368,50.16,78,88,6.06,GL,2022-07-17 17:30:38
52,Port Elizabeth,-33.918,25.5701,78.1,52,0,2.3,ZA,2022-07-17 17:30:38
53,Port-Gentil,-0.7193,8.7815,78.76,78,40,11.5,GA,2022-07-17 17:30:40
54,Seydi,39.4816,62.9137,95.31,11,0,12.3,TM,2022-07-17 17:30:41
55,Veydelevka,50.1521,38.4492,60.91,79,75,8.34,RU,2022-07-17 17:30:41
56,Chuy,-33.6971,-53.4616,52.18,62,0,12.55,UY,2022-07-17 17:30:42
57,Ribeira Grande,38.5167,-28.7,77.4,78,20,17.27,PT,2022-07-17 17:30:43
58,Belmonte,-15.8631,-38.8828,77.49,68,25,7.87,BR,2022-07-17 17:30:44
59,Krasnoselkup,65.7,82.4667,52.57,80,48,10.11,RU,2022-07-17 17:30:45
60,Bredasdorp,-34.5322,20.0403,55.6,86,0,6.31,ZA,2022-07-17 17:30:46
61,Easley,34.8298,-82.6015,91.96,56,0,6.91,US,2022-07-17 17:30:38
62,Balod,20.73,81.2047,75.67,95,96,8.19,IN,2022-07-17 17:30:47
63,Dogondoutchi,13.6393,4.0287,88.88,49,69,6.69,NE,2022-07-17 17:30:49
64,East London,-33.0153,27.9116,67.14,55,0,5.75,ZA,2022-07-17 17:30:49
65,Iberia,29.9502,-91.7507,92.08,62,40,3.44,US,2022-07-17 17:30:50
66,Finote Selam,10.7,37.2667,59.22,94,100,1.88,ET,2022-07-17 17:30:51
67,Harper,4.375,-7.7169,76.37,77,100,11.07,LR,2022-07-17 17:30:51
68,Drugovo,41.4842,20.9233,79.56,71,37,4.45,MK,2022-07-17 17:30:52
69,Leshukonskoye,64.8989,45.7622,63.79,63,100,2.73,RU,2022-07-17 17:30:53
70,Harpalpur,25.2884,79.3347,96.21,40,48,3.8,IN,2022-07-17 17:30:54
71,Sochi,43.6,39.7303,71.69,83,16,3.04,RU,2022-07-17 17:29:04
72,Cidreira,-30.1811,-50.2056,57.7,62,14,12.8,BR,2022-07-17 17:30:55
73,Lagos,6.5833,3.75,80.04,74,57,7.45,NG,2022-07-17 17:28:22
74,Laguna,38.421,-121.4238,97.93,45,0,8.05,US,2022-07-17 17:30:56
75,Muros,42.7762,-9.0603,84.16,77,74,2.35,ES,2022-07-17 17:30:57
76,Lokosovo,61.1333,74.8167,58.44,71,86,8.03,RU,2022-07-17 17:30:58
77,Onverwacht,5.5833,-55.1833,87.98,70,40,8.05,SR,2022-07-17 17:30:59
78,Sakakah,29.9697,40.2064,101.77,12,2,9.53,SA,2022-07-17 17:30:59
79,Mahebourg,-20.4081,57.7,70.09,64,40,19.57,MU,2022-07-17 17:31:00
80,Havre-Saint-Pierre,50.2334,-63.5986,68.36,68,0,17.27,CA,2022-07-17 17:31:01
81,Caxito,-8.5785,13.6643,70.2,82,82,7.31,AO,2022-07-17 17:31:01
82,Codrington,-38.2667,141.9667,48.58,67,96,18.19,AU,2022-07-17 17:31:02
83,Lebu,-37.6167,-73.65,51.31,84,98,12.88,CL,2022-07-17 17:31:04
84,Arraial Do Cabo,-22.9661,-42.0278,87.76,54,0,10.36,BR,2022-07-17 17:31:04
85,Sovetskiy,61.3614,63.5842,61.86,82,100,5.12,RU,2022-07-17 17:31:05
86,Luderitz,-26.6481,15.1594,67.75,41,9,5.26,NA,2022-07-17 17:31:05
87,Taoudenni,22.6783,-3.9836,112.41,9,70,14.45,ML,2022-07-17 17:31:06
88,Salalah,17.0151,54.0924,78.89,94,100,8.05,OM,2022-07-17 17:31:06
89,Ofaqim,31.3141,34.6203,78.71,67,0,7.96,IL,2022-07-17 17:31:07
90,Hamilton,39.1834,-84.5333,76.05,94,40,12.66,US,2022-07-17 17:27:50
91,Maputo,-25.9653,32.5892,69.22,84,0,5.26,MZ,2022-07-17 17:32:08
92,Walvis Bay,-22.9575,14.5053,68.83,43,13,10.85,NA,2022-07-17 17:32:09
93,Bambous Virieux,-20.3428,57.7575,70.05,64,40,19.57,MU,2022-07-17 17:32:10
94,Damghan,36.1683,54.348,84.97,28,0,5.93,IR,2022-07-17 17:32:10
95,Saint-Augustin,51.226,-58.6502,66.04,72,100,19.3,CA,2022-07-17 17:32:11
96,Darfo,45.8779,10.1812,89.94,62,39,1.74,IT,2022-07-17 17:32:12
97,Porto Empedocle,37.2934,13.5264,89.31,59,0,5.17,IT,2022-07-17 17:32:13
98,Hobyo,5.3505,48.5268,77.13,77,41,31.16,SO,2022-07-17 17:32:13
99,Puerto Del Rosario,28.5004,-13.8627,76.75,73,20,20.71,ES,2022-07-17 17:32:14
100,Ponta Do Sol,32.6667,-17.1,79.12,71,35,9.13,PT,2022-07-17 17:32:15
101,Sept-Iles,50.2001,-66.3821,75.72,60,75,11.5,CA,2022-07-17 17:30:12
102,Mbandaka,0.0487,18.2603,71.2,95,87,3.13,CD,2022-07-17 17:32:15
103,Bella Union,-30.2752,-57.6007,54.88,59,0,6.06,UY,2022-07-17 17:32:16
104,Conceicao Da Barra,-18.5933,-39.7322,78.3,59,32,8.52,BR,2022-07-17 17:32:17
105,Prainha,-1.8,-53.48,91.99,43,64,4.18,BR,2022-07-17 17:32:17
106,Saint Anthony,45.0205,-93.218,88.95,51,20,9.22,US,2022-07-17 17:32:18
107,Maldonado,-34.6667,-54.9167,52.99,55,0,15.48,UY,2022-07-17 17:32:19
108,Paracatu,-17.2222,-46.8747,85.62,24,25,6.73,BR,2022-07-17 17:32:20
109,Palafrugell,41.9174,3.1631,93.96,62,1,3.0,ES,2022-07-17 17:32:20
110,Kollo,13.3043,2.339,87.94,49,77,5.84,NE,2022-07-17 17:32:21
111,Holme,56.1138,10.1725,67.57,72,93,13.94,DK,2022-07-17 17:32:21
112,Nioro,13.35,-15.75,89.44,48,53,12.37,GM,2022-07-17 17:32:22
113,Pailon,-17.65,-62.75,62.28,37,100,5.75,BO,2022-07-17 17:32:23
114,Punta Arenas,-53.15,-70.9167,37.51,70,0,11.5,CL,2022-07-17 17:32:24
115,Marzuq,14.4,46.4667,86.02,20,97,2.08,YE,2022-07-17 17:32:24
116,Puerto Baquerizo Moreno,-0.9,-89.6,69.46,77,66,13.13,EC,2022-07-17 17:32:25
117,La Teste-De-Buch,44.6287,-1.1406,102.42,12,0,11.5,FR,2022-07-17 17:32:26
118,Boa Vista,2.8197,-60.6733,91.38,52,75,10.36,BR,2022-07-17 17:32:27
119,Mbanza-Ngungu,-5.25,14.8667,74.61,55,43,5.53,CD,2022-07-17 17:32:28
120,Sinnamary,5.3833,-52.95,82.35,71,78,6.55,GF,2022-07-17 17:32:29
121,Kudahuvadhoo,2.6708,72.8944,81.16,80,96,14.43,MV,2022-07-17 17:32:30
122,Longyearbyen,78.2186,15.6401,49.84,76,75,1.14,SJ,2022-07-17 17:32:31
123,Praia Da Vitoria,38.7333,-27.0667,79.05,69,75,12.55,PT,2022-07-17 17:32:32
124,Kosh-Agach,50.0,88.6667,51.04,88,79,6.06,RU,2022-07-17 17:32:32
125,Sao Gabriel Da Cachoeira,-0.1303,-67.0892,91.2,62,20,10.36,BR,2022-07-17 17:32:33
126,Xuddur,4.1213,43.8894,77.79,53,98,21.59,SO,2022-07-17 17:32:34
127,Stornoway,58.2093,-6.3865,66.04,77,75,5.75,GB,2022-07-17 17:32:36
128,Nador,35.174,-2.9287,86.07,69,0,6.91,MA,2022-07-17 17:32:36
129,Volchansk,59.9378,60.081,59.09,95,60,1.59,RU,2022-07-17 17:32:38
130,Kill,52.1761,-7.335,71.71,79,0,11.5,IE,2022-07-17 17:32:39
131,Sao Joao Do Paraiso,-15.3136,-42.0144,83.52,25,3,11.52,BR,2022-07-17 17:32:40
132,Ajdabiya,30.7554,20.2263,82.8,55,0,21.68,LY,2022-07-17 17:32:41
133,Pisco,-13.7,-76.2167,65.01,72,3,9.22,PE,2022-07-17 17:32:42
134,Camacha,33.0833,-16.3333,72.82,69,20,14.97,PT,2022-07-17 17:32:43
135,Valdivia,-39.8142,-73.2459,50.09,92,100,8.57,CL,2022-07-17 17:31:25
136,Takoradi,4.8845,-1.7554,75.78,79,60,11.18,GH,2022-07-17 17:32:44
137,Belyy Yar,53.6039,91.3903,66.09,77,0,11.18,RU,2022-07-17 17:33:45
138,Baillif,16.0202,-61.7463,87.3,67,20,13.65,GP,2022-07-17 17:33:46
139,Saint-Francois,46.4154,3.9054,89.04,25,0,6.91,FR,2022-07-17 17:33:46
140,Cap-Aux-Meules,47.3821,-61.8597,69.85,68,20,13.8,CA,2022-07-17 17:33:47
141,Montepuez,-13.1256,38.9997,68.9,65,95,6.31,MZ,2022-07-17 17:33:48
142,Antofagasta,-23.65,-70.4,58.28,65,0,8.66,CL,2022-07-17 17:33:49
143,Jalu,29.0331,21.5482,96.12,16,0,13.2,LY,2022-07-17 17:28:58
144,Santa Cruz,-17.8,-63.1667,60.85,59,75,13.8,BO,2022-07-17 17:30:02
145,Ostrovnoy,68.0531,39.5131,61.07,67,38,11.32,RU,2022-07-17 17:33:51
146,Ercis,39.0287,43.3586,75.63,33,10,3.78,TR,2022-07-17 17:33:51
147,Bealanana,-14.55,48.7333,54.27,95,33,5.01,MG,2022-07-17 17:33:52
148,Umm Lajj,25.0213,37.2685,86.13,58,70,5.82,SA,2022-07-17 17:32:02
149,Isabela,6.7085,121.9711,78.15,84,98,6.51,PH,2022-07-17 17:33:54
150,Pithiviers,48.1667,2.25,88.84,16,68,8.81,FR,2022-07-17 17:33:55
151,Pithapuram,17.1167,82.2667,76.89,95,100,5.46,IN,2022-07-17 17:33:55
152,Mehamn,71.0357,27.8492,55.35,76,40,6.91,NO,2022-07-17 17:33:56
153,Loandjili,-4.7561,11.8578,72.05,87,82,7.05,CG,2022-07-17 17:33:57
154,Pitimbu,-7.4706,-34.8086,77.59,80,50,18.14,BR,2022-07-17 17:33:57
155,Gamba,-2.65,10.0,71.64,81,27,8.88,GA,2022-07-17 17:33:58
156,Dubai,25.2582,55.3047,98.53,44,84,12.66,AE,2022-07-17 17:30:31
157,Nuuk,64.1835,-51.7216,48.81,76,100,33.38,GL,2022-07-17 17:34:00
158,Matay,28.419,30.7792,91.87,19,0,8.48,EG,2022-07-17 17:34:00
159,Naldurg,17.8167,76.3,75.58,83,100,15.19,IN,2022-07-17 17:34:01
160,Baie-Comeau,49.2168,-68.1489,67.68,68,40,20.71,CA,2022-07-17 17:33:54
161,Aliwal North,-30.6937,26.7114,52.21,33,0,5.28,ZA,2022-07-17 17:34:01
162,Skhisma,35.2667,25.7167,86.85,56,0,15.59,GR,2022-07-17 17:34:02
163,Roanoke Rapids,36.4615,-77.6542,90.19,38,19,10.13,US,2022-07-17 17:34:03
164,Reidsville,36.3549,-79.6645,90.63,55,0,4.61,US,2022-07-17 17:34:04
165,Changji,44.0167,87.3167,86.79,23,75,6.71,CN,2022-07-17 17:34:04
166,Nantucket,41.2835,-70.0995,82.51,88,100,10.36,US,2022-07-17 17:30:59
167,Sechura,-5.5569,-80.8222,74.84,57,3,11.72,PE,2022-07-17 17:34:05
168,Soyo,-6.1349,12.3689,71.19,84,93,9.69,AO,2022-07-17 17:34:06
169,Lagoa,39.05,-27.9833,70.92,89,52,10.67,PT,2022-07-17 17:34:07
170,Andenes,69.3143,16.1194,50.94,93,75,5.75,NO,2022-07-17 17:34:07
171,Arlit,18.7369,7.3853,95.61,28,45,16.58,NE,2022-07-17 17:34:08
172,Eirunepe,-6.6603,-69.8736,91.36,49,39,3.74,BR,2022-07-17 17:34:09
173,Mpika,-11.8343,31.4529,55.22,55,48,6.53,ZM,2022-07-17 17:34:09
174,Kamakhyanagar,20.9333,85.55,79.14,90,27,8.14,IN,2022-07-17 17:34:10
175,Shahrud,36.4182,54.9763,79.88,35,0,8.3,IR,2022-07-17 17:34:10
176,Parrita,9.5201,-84.3225,83.64,72,51,8.25,CR,2022-07-17 17:34:11
177,Tres Arroyos,-38.3739,-60.2798,58.12,32,33,21.85,AR,2022-07-17 17:34:12
178,Ilulissat,69.2167,-51.1,59.02,38,20,11.5,GL,2022-07-17 17:34:12
179,Grand-Santi,4.25,-54.3833,91.72,47,36,2.55,GF,2022-07-17 17:34:13
180,Polovinnoye,54.7914,65.9864,64.06,96,99,6.58,RU,2022-07-17 17:34:14
181,Monrovia,6.3005,-10.7969,80.37,85,100,13.0,LR,2022-07-17 17:32:29
182,Una,20.8167,71.0333,80.37,87,86,15.73,IN,2022-07-17 17:35:15
183,Pyaozerskiy,65.8333,31.1667,58.28,85,59,8.32,RU,2022-07-17 17:35:16
184,Lyuban,52.7985,28.0048,56.08,90,51,7.45,BY,2022-07-17 17:35:17
185,Porto Seguro,-16.4497,-39.0647,79.32,65,40,10.36,BR,2022-07-17 17:34:14
186,Richards Bay,-28.783,32.0377,66.79,80,0,11.83,ZA,2022-07-17 17:35:18
187,Buritizeiro,-17.3511,-44.9622,88.41,24,31,2.98,BR,2022-07-17 17:35:18
188,Cayenne,4.9333,-52.3333,87.84,1,20,8.05,GF,2022-07-17 17:35:19
189,Robertsport,6.7533,-11.3686,77.38,84,100,13.73,LR,2022-07-17 17:35:19
190,Mosquera,4.7059,-74.2302,62.69,59,75,6.91,CO,2022-07-17 17:33:51
191,Brodokalmak,55.5748,62.082,70.7,96,72,6.4,RU,2022-07-17 17:35:20
192,Paamiut,61.994,-49.6678,42.08,90,100,7.16,GL,2022-07-17 17:35:20
193,Chaman,30.9236,66.4512,85.01,38,16,7.02,PK,2022-07-17 17:35:21
194,Ribnitz-Damgarten,54.25,12.4667,71.11,76,47,12.06,DE,2022-07-17 17:31:23
195,Honningsvag,70.9821,25.9704,53.35,76,75,8.05,NO,2022-07-17 17:35:22
196,Novopetrovskoye,55.9928,36.4719,55.65,76,88,1.83,RU,2022-07-17 17:35:22
197,Khandbari,27.3747,87.2039,74.07,93,96,0.65,NP,2022-07-17 17:35:23
198,Axim,4.8699,-2.2405,76.24,76,63,9.44,GH,2022-07-17 17:35:23
199,Isparta,38.0,31.0,70.36,42,0,12.15,TR,2022-07-17 17:35:24
200,Taguatinga,-12.3857,-46.5711,93.33,18,7,6.38,BR,2022-07-17 17:35:25
201,Tarauaca,-8.1614,-70.7656,91.13,48,57,1.34,BR,2022-07-17 17:35:25
202,Qaanaaq,77.484,-69.3632,46.33,58,67,0.72,GL,2022-07-17 17:35:26
203,Ubinskoye,55.3068,79.6802,52.75,94,2,7.9,RU,2022-07-17 17:35:26
204,Kintinku,-5.8833,35.2333,73.15,43,76,12.24,TZ,2022-07-17 17:35:27
205,Pointe-Noire,-4.7761,11.8635,72.0,87,82,7.16,CG,2022-07-17 17:35:28
206,Necochea,-38.5473,-58.7368,56.84,38,6,18.88,AR,2022-07-17 17:35:28
207,Hofn,64.2539,-15.2082,62.62,63,20,11.5,IS,2022-07-17 17:35:29
208,Butare,-2.5967,29.7394,60.93,62,80,4.47,RW,2022-07-17 17:35:30
209,Bubaque,11.2833,-15.8333,81.27,84,95,13.35,GW,2022-07-17 17:35:30
210,Duvan,55.695,57.9024,61.93,86,72,1.25,RU,2022-07-17 17:35:31
211,Ambilobe,-13.2,49.05,71.73,56,60,6.22,MG,2022-07-17 17:35:31
212,Filadelfia,39.9523,-75.1638,87.71,64,75,5.75,US,2022-07-17 17:30:33
213,Piacabucu,-10.4056,-36.4344,78.48,64,9,9.89,BR,2022-07-17 17:35:32
214,Buzuluk,52.7807,52.2635,66.11,79,83,2.93,RU,2022-07-17 17:35:32
215,Santa Cruz Del Sur,20.7147,-77.9956,87.58,62,67,4.7,CU,2022-07-17 17:35:33
216,Tarquinia,42.2482,11.7553,90.79,39,0,5.21,IT,2022-07-17 17:35:33
217,Trn,44.8597,17.2364,82.11,30,0,6.91,BA,2022-07-17 17:35:34
218,Chicama,-7.8447,-79.1469,61.34,57,22,10.42,PE,2022-07-17 17:35:35
219,Sao Jose Da Coroa Grande,-8.8978,-35.1478,77.38,75,25,13.42,BR,2022-07-17 17:35:35
220,Mazyr,52.0495,29.2456,55.36,90,73,7.16,BY,2022-07-17 17:35:36
221,Mirik,26.8945,88.1848,65.53,92,91,1.34,IN,2022-07-17 17:35:36
222,Tortoli,39.9256,9.6572,85.82,70,20,6.91,IT,2022-07-17 17:35:37
223,Qasigiannguit,68.8193,-51.1922,59.25,61,21,1.28,GL,2022-07-17 17:35:38
224,Atar,20.5169,-13.0499,113.68,6,8,18.19,MR,2022-07-17 17:35:38
225,Coquimbo,-29.9533,-71.3436,56.93,62,0,11.5,CL,2022-07-17 17:35:39
226,Mani,4.8172,-72.2886,80.51,81,100,3.96,CO,2022-07-17 17:35:39
227,Zhanaozen,43.3,52.8,96.13,16,0,7.4,KZ,2022-07-17 17:35:40
228,Tiznit,29.5833,-9.5,82.42,47,1,5.79,MA,2022-07-17 17:36:40
229,Thunder Bay,48.4001,-89.3168,71.51,68,40,10.36,CA,2022-07-17 17:36:19
230,Kedrovyy,56.1667,91.8167,57.87,98,66,4.94,RU,2022-07-17 17:36:42
231,Sao Joao Da Barra,-21.6403,-41.0511,87.89,71,87,17.76,BR,2022-07-17 17:36:42
232,Xapuri,-10.6517,-68.5044,91.11,45,87,3.49,BR,2022-07-17 17:36:43
233,Chichawatni,30.5333,72.7,86.11,65,17,4.56,PK,2022-07-17 17:36:44
234,Oriximina,-1.7656,-55.8661,90.88,46,73,7.0,BR,2022-07-17 17:36:45
235,Sarretudvari,47.2333,21.2,75.42,26,51,13.35,HU,2022-07-17 17:36:45
236,Paita,-5.0892,-81.1144,70.11,69,1,14.52,PE,2022-07-17 17:36:46
237,Mwanza,-2.5167,32.9,73.81,58,46,5.23,TZ,2022-07-17 17:36:47
238,Ambanja,-13.6833,48.45,70.92,84,72,1.88,MG,2022-07-17 17:36:48
239,Oussouye,12.485,-16.5469,89.78,67,72,11.18,SN,2022-07-17 17:36:49
240,Saint-Pierre,-21.3393,55.4781,69.91,69,40,19.57,RE,2022-07-17 17:36:50
241,San Jose De Guanipa,8.8872,-64.1651,90.3,47,28,8.75,VE,2022-07-17 17:36:51
242,Senneterre,48.3835,-77.2328,81.41,38,78,3.53,CA,2022-07-17 17:36:52
243,Trincomalee,8.5711,81.2335,81.3,75,100,14.38,LK,2022-07-17 17:36:53
244,Saint-Joseph,-21.3667,55.6167,68.38,76,64,17.13,RE,2022-07-17 17:36:54
245,Senanga,-16.1167,23.2667,59.13,35,0,6.08,ZM,2022-07-17 17:36:55
246,Dingle,10.9995,122.6711,75.09,94,100,1.95,PH,2022-07-17 17:36:56
247,Sehithwa,-20.4667,22.7167,59.38,39,0,7.92,BW,2022-07-17 17:36:57
248,Talara,-4.5772,-81.2719,72.36,64,0,16.11,PE,2022-07-17 17:36:58
249,Port Hope,43.9408,-82.7127,81.21,23,100,6.91,US,2022-07-17 17:36:58
250,Kidal,18.4411,1.4078,95.99,29,80,10.36,ML,2022-07-17 17:36:59
251,Purkersdorf,48.1951,16.1626,78.76,40,40,4.61,AT,2022-07-17 17:37:00
252,Vila Franca Do Campo,37.7167,-25.4333,72.01,71,47,5.91,PT,2022-07-17 17:37:01
253,Komsomolets,53.7453,62.0708,67.01,78,72,8.08,KZ,2022-07-17 17:37:01
254,Trinidad,-14.8333,-64.9,78.73,48,43,7.23,BO,2022-07-17 17:33:22
255,Sur,22.5667,59.5289,86.54,64,100,8.34,OM,2022-07-17 17:37:02
256,Cap Malheureux,-19.9842,57.6142,69.48,65,38,8.99,MU,2022-07-17 17:37:02
257,Bengkulu,-3.8004,102.2655,76.44,90,73,3.38,ID,2022-07-17 17:37:03
258,Svetlyy,54.675,20.1347,65.97,73,85,10.71,RU,2022-07-17 17:37:04
259,Boende,-0.2167,20.8667,75.81,85,95,0.63,CD,2022-07-17 17:37:05
260,Lobito,-12.3481,13.5456,68.22,85,78,5.64,AO,2022-07-17 17:37:06
261,Douentza,14.9951,-2.9517,92.66,39,40,5.32,ML,2022-07-17 17:37:06
262,Jimma,7.6667,36.8333,61.16,96,96,1.92,ET,2022-07-17 17:37:07
263,Conway,35.0887,-92.4421,96.71,50,0,10.36,US,2022-07-17 17:36:00
264,Inhambane,-23.865,35.3833,67.17,85,2,7.83,MZ,2022-07-17 17:37:08
265,Warrington,53.3925,-2.5802,89.91,33,0,14.97,GB,2022-07-17 17:37:09
266,Maragogi,-9.0122,-35.2225,77.02,77,19,12.97,BR,2022-07-17 17:37:10
267,Lynn Haven,30.2455,-85.6483,86.11,62,75,8.05,US,2022-07-17 17:37:11
268,Doha,25.2867,51.5333,98.91,64,9,4.61,QA,2022-07-17 17:33:15
269,Iqaluit,63.7506,-68.5145,46.13,87,100,9.22,CA,2022-07-17 17:37:12
270,Angoche,-16.2325,39.9086,70.57,84,33,4.94,MZ,2022-07-17 17:37:13
271,Shache,38.4167,77.2406,82.71,17,0,4.97,CN,2022-07-17 17:37:14
272,Potosi,-19.5836,-65.7531,54.21,10,24,14.07,BO,2022-07-17 17:37:15
273,Waw,7.7029,27.9953,74.12,82,53,4.16,SS,2022-07-17 17:37:16
274,Deer Lake,49.1667,-57.4316,82.26,39,75,14.97,CA,2022-07-17 17:38:17
275,Pangnirtung,66.1451,-65.7125,44.6,81,40,14.97,CA,2022-07-17 17:38:17
276,Aripuana,-9.1667,-60.6333,99.19,24,20,5.39,BR,2022-07-17 17:38:18
277,Parham,17.0968,-61.7705,85.69,66,40,16.11,AG,2022-07-17 17:38:18
278,Petrolia,42.8668,-82.1498,81.32,73,75,5.75,CA,2022-07-17 17:38:20
279,Jalapa,19.5333,-96.9167,73.42,59,97,6.15,MX,2022-07-17 17:37:33
280,Inta,66.0317,60.1659,62.69,83,45,7.99,RU,2022-07-17 17:38:21
281,Kilindoni,-7.9139,39.6668,76.6,75,56,18.48,TZ,2022-07-17 17:38:23
282,Saint George,37.1041,-113.5841,102.79,23,0,10.0,US,2022-07-17 17:38:24
283,Bolotnoye,55.6717,84.3981,50.7,93,5,10.83,RU,2022-07-17 17:38:24
284,Mitsamiouli,-11.3847,43.2844,77.29,69,20,13.8,KM,2022-07-17 17:38:25
285,Marawi,7.9986,124.2928,69.35,93,100,3.04,PH,2022-07-17 17:38:26
286,Ugoofaaru,5.6667,73.0,80.49,81,100,23.35,MV,2022-07-17 17:38:26
287,Cabedelo,-6.9811,-34.8339,77.67,80,43,19.13,BR,2022-07-17 17:38:27
288,Araouane,18.9048,-3.5265,103.57,22,83,8.97,ML,2022-07-17 17:38:28
289,Rio Gallegos,-51.6226,-69.2181,28.45,80,75,2.3,AR,2022-07-17 17:38:28
290,Sambava,-14.2667,50.1667,69.75,83,44,14.47,MG,2022-07-17 17:38:29
291,Touros,-5.1989,-35.4608,80.44,75,67,17.25,BR,2022-07-17 17:38:30
292,Mankachar,25.5333,89.8667,83.41,79,67,8.81,IN,2022-07-17 17:38:31
293,Leh,34.1667,77.5833,64.87,48,93,3.76,IN,2022-07-17 17:38:32
294,Puerto Triunfo,5.8726,-74.6403,87.3,59,90,3.85,CO,2022-07-17 17:38:33
295,Cockburn Town,21.4612,-71.1419,87.76,66,40,20.71,TC,2022-07-17 17:38:34
296,Urumqi,43.801,87.6005,83.35,23,75,6.71,CN,2022-07-17 17:38:35
297,Adrar,20.5022,-10.0711,110.43,7,9,12.06,MR,2022-07-17 17:38:36
298,La Ferte-Bernard,48.1863,0.6536,91.02,14,48,11.23,FR,2022-07-17 17:38:36
299,Tvoroyri,61.5556,-6.8111,51.64,84,95,24.7,FO,2022-07-17 17:38:37
300,Redcliffe,-27.2307,153.0973,60.89,82,0,8.05,AU,2022-07-17 17:38:38
301,Vieques,18.425,-65.8329,89.85,66,40,20.71,PR,2022-07-17 17:37:44
302,Iaciara,-14.0958,-46.6317,90.12,21,2,7.87,BR,2022-07-17 17:38:40
303,Greenwood,34.1668,-82.1165,90.07,63,0,5.77,US,2022-07-17 17:38:15
304,Los Llanos De Aridane,28.6585,-17.9182,73.15,81,20,17.27,ES,2022-07-17 17:38:41
305,Carutapera,-1.195,-46.02,81.32,74,51,9.35,BR,2022-07-17 17:38:42
306,Lida,53.8833,25.2997,56.19,86,66,7.61,BY,2022-07-17 17:38:43
307,Ascension,30.2169,-90.9001,93.06,64,0,0.0,US,2022-07-17 17:38:44
308,Hambantota,6.1241,81.1185,80.65,78,100,16.49,LK,2022-07-17 17:38:45
309,Pangody,65.85,74.4859,59.25,64,69,10.29,RU,2022-07-17 17:38:46
310,Guarapuava,-25.3953,-51.4581,59.65,50,100,3.27,BR,2022-07-17 17:38:46
311,Port Hawkesbury,45.6169,-61.3485,83.89,44,0,17.27,CA,2022-07-17 17:38:47
312,Aden,12.7794,45.0367,86.22,69,100,5.06,YE,2022-07-17 17:38:48
313,Marl,51.65,7.0833,82.76,37,85,1.99,DE,2022-07-17 17:38:49
314,Gat,31.61,34.7642,81.81,100,0,5.79,IL,2022-07-17 17:38:50
315,Klaksvik,62.2266,-6.589,50.92,84,81,22.93,FO,2022-07-17 17:38:51
316,Eidfjord,60.4675,7.0719,57.09,97,100,3.15,NO,2022-07-17 17:38:51
317,Road Town,18.4167,-64.6167,89.69,66,40,16.11,VG,2022-07-17 17:35:14
318,Penzance,50.1186,-5.5371,74.08,60,100,10.22,GB,2022-07-17 17:38:52
319,Olafsvik,64.8945,-23.7142,51.37,83,63,3.33,IS,2022-07-17 17:38:53
320,Hwange,-18.3693,26.5019,62.46,40,1,0.13,ZW,2022-07-17 17:38:54
321,Itarema,-2.9248,-39.9167,85.33,63,46,17.74,BR,2022-07-17 17:39:55
322,Buritis,-15.6178,-46.4233,87.31,26,9,8.21,BR,2022-07-17 17:39:55
323,Rabo De Peixe,37.8,-25.5833,71.11,83,75,14.97,PT,2022-07-17 17:39:56
324,Delijan,33.9905,50.6838,86.27,10,0,17.13,IR,2022-07-17 17:39:56
325,Vila Velha,-20.3297,-40.2925,85.95,72,20,11.5,BR,2022-07-17 17:39:57
326,Pontes E Lacerda,-15.2261,-59.3353,85.91,39,47,5.41,BR,2022-07-17 17:39:57
327,Pathri,19.25,76.45,74.71,90,100,13.94,IN,2022-07-17 17:39:58
328,Ancud,-41.8697,-73.8203,45.23,85,71,17.09,CL,2022-07-17 17:39:59
329,Jaleswar,26.6471,85.8008,91.33,56,61,13.4,NP,2022-07-17 17:39:59
330,Beira,-19.8436,34.8389,68.11,82,42,7.87,MZ,2022-07-17 17:40:00
331,Ikalamavony,-21.15,46.5833,56.39,74,29,11.56,MG,2022-07-17 17:40:01
332,Tahta,26.7693,31.5021,92.48,17,4,9.64,EG,2022-07-17 17:40:01
333,Wattegama,6.7989,81.4808,76.46,86,100,4.09,LK,2022-07-17 17:40:02
334,Rio Grande,-32.035,-52.0986,57.31,61,3,13.22,BR,2022-07-17 17:40:03
335,Alghero,40.5589,8.3181,87.89,45,0,8.05,IT,2022-07-17 17:40:04
336,Norrtalje,59.758,18.705,66.43,55,90,3.56,SE,2022-07-17 17:40:04
337,Salamanca,40.8333,-6.0,101.98,9,20,13.65,ES,2022-07-17 17:40:05
338,Itumbiara,-18.4192,-49.2153,90.54,24,19,4.61,BR,2022-07-17 17:40:05
339,Jumla,29.2747,82.1838,63.05,97,62,1.14,NP,2022-07-17 17:40:06
340,Thompson,55.7435,-97.8558,77.16,61,40,4.61,CA,2022-07-17 17:40:06
341,Roald,62.5833,6.1333,61.9,82,75,21.85,NO,2022-07-17 17:40:07
342,Castro,-24.7911,-50.0119,67.53,68,100,2.04,BR,2022-07-17 17:40:07
343,Zhezkazgan,47.8043,67.7144,78.58,42,9,9.73,KZ,2022-07-17 17:40:08
344,Qeshm,26.9581,56.2719,93.07,81,37,10.2,IR,2022-07-17 17:40:08
345,Morant Bay,17.8815,-76.4093,92.82,65,5,13.62,JM,2022-07-17 17:40:09
346,Berkak,62.825,10.0118,55.13,79,99,6.89,NO,2022-07-17 17:40:10
347,Meulaboh,4.1363,96.1285,77.72,86,66,2.75,ID,2022-07-17 17:40:10
348,Calabozo,8.9242,-67.4293,88.92,55,61,5.37,VE,2022-07-17 17:40:11
349,Kasulu,-4.5767,30.1025,65.77,66,70,4.21,TZ,2022-07-17 17:40:12
350,Sayat,38.7839,63.8803,94.87,11,0,11.16,TM,2022-07-17 17:40:13
351,Vagay,57.9375,69.0217,59.77,65,82,3.89,RU,2022-07-17 17:40:14
352,Alta Floresta,-9.8756,-56.0861,98.42,23,40,12.66,BR,2022-07-17 17:39:29
353,Keetmanshoop,-26.5833,18.1333,64.71,24,0,12.62,NA,2022-07-17 17:40:15
354,Caiaponia,-16.9567,-51.8103,91.26,20,28,7.58,BR,2022-07-17 17:37:33
355,Karpogory,64.0019,44.4451,61.05,75,100,2.01,RU,2022-07-17 17:40:16
356,Oranjemund,-28.55,16.4333,60.31,67,6,0.6,NA,2022-07-17 17:40:17
357,Porosozero,62.7191,32.727,57.06,71,76,3.87,RU,2022-07-17 17:40:18
358,Riosucio,5.4216,-75.7032,73.2,65,88,0.58,CO,2022-07-17 17:40:18
359,Umuarama,-23.7664,-53.325,60.21,59,100,8.3,BR,2022-07-17 17:40:19
360,Isla Mujeres,21.2311,-86.731,91.45,62,10,12.88,MX,2022-07-17 17:40:20
361,Dalvik,65.9702,-18.5286,48.13,93,100,5.7,IS,2022-07-17 17:40:20
362,Varnavino,57.4035,45.0916,60.71,87,83,3.02,RU,2022-07-17 17:40:21
363,Kincardine,56.0667,-3.7167,75.47,58,100,7.83,GB,2022-07-17 17:40:21
364,Port Shepstone,-30.7414,30.455,66.11,82,0,16.62,ZA,2022-07-17 17:40:22
365,Anloga,5.7947,0.8973,76.55,83,43,15.08,GH,2022-07-17 17:40:23
366,Baijiantan,45.6333,85.1833,89.92,18,38,6.96,CN,2022-07-17 17:41:24
367,Pozhva,59.0912,56.0847,61.63,70,0,5.48,RU,2022-07-17 17:41:24
368,Iranduba,-3.2847,-60.1861,91.72,42,61,5.7,BR,2022-07-17 17:41:25
369,Mecca,21.4267,39.8261,89.51,30,83,6.91,SA,2022-07-17 17:41:26
370,Adand,46.8593,18.1644,75.83,20,21,7.25,HU,2022-07-17 17:41:27
371,Lutkun,41.4808,47.6858,68.77,69,0,3.09,RU,2022-07-17 17:41:28
372,Tatarsk,55.219,75.9828,57.4,76,75,8.57,RU,2022-07-17 17:41:28
373,Nioki,-2.7167,17.6833,86.22,38,71,2.28,CD,2022-07-17 17:41:29
374,Santa Lucia,27.9117,-15.5407,71.76,65,20,35.68,ES,2022-07-17 17:39:57
375,Santa Fe,-31.6333,-60.7,59.02,45,0,7.0,AR,2022-07-17 17:37:58
376,Luba,3.4568,8.5547,76.96,87,88,6.38,GQ,2022-07-17 17:41:30
377,Kalaleh,37.3807,55.4916,88.16,56,0,4.45,IR,2022-07-17 17:41:31
378,Sturgeon Bay,44.8342,-87.377,80.96,54,0,8.05,US,2022-07-17 17:41:32
379,Sao Filipe,14.8961,-24.4956,76.1,79,31,15.32,CV,2022-07-17 17:41:33
380,Labe,11.3182,-12.2833,72.21,90,96,3.44,GN,2022-07-17 17:41:33
381,Khvorostyanka,52.6096,48.9597,68.77,67,12,4.52,RU,2022-07-17 17:41:34
382,Surt,31.2089,16.5887,80.26,63,0,12.97,LY,2022-07-17 17:41:35
383,Limulunga,-15.0969,23.1376,60.15,33,3,6.98,ZM,2022-07-17 17:41:35
384,Tucuman,-26.8241,-65.2226,60.8,39,0,3.44,AR,2022-07-17 17:41:36
385,Marienburg,54.0359,19.0266,67.84,59,83,8.05,PL,2022-07-17 17:38:32
386,Calabar,4.9517,8.322,75.52,89,98,2.86,NG,2022-07-17 17:41:37
387,Chapada Dos Guimaraes,-15.4606,-55.7497,69.46,34,3,8.72,BR,2022-07-17 17:41:37
388,Gafanha Da Encarnacao,40.6181,-8.733,74.01,72,20,7.2,PT,2022-07-17 17:41:38
389,Sapouy,11.5544,-1.7736,78.73,75,79,2.71,BF,2022-07-17 17:41:39
390,Kasempa,-13.4584,25.8338,57.74,41,4,5.08,ZM,2022-07-17 17:41:39
391,Oranjestad,12.524,-70.027,87.75,66,40,26.46,AW,2022-07-17 17:41:40
392,Pedro Juan Caballero,-22.5472,-55.7333,55.36,67,0,9.22,PY,2022-07-17 17:41:41
393,Opuwo,-18.0607,13.84,64.8,31,1,8.52,NA,2022-07-17 17:41:42
394,Coxim,-18.5067,-54.76,90.3,33,26,3.67,BR,2022-07-17 17:41:43
395,Miandrivazo,-19.5167,45.4667,74.46,35,5,13.62,MG,2022-07-17 17:41:43
396,Chapais,49.7834,-74.8492,74.98,31,79,8.03,CA,2022-07-17 17:41:44
397,Bikaner,28.0167,73.3,91.42,56,87,6.24,IN,2022-07-17 17:40:37
398,Agadez,19.75,10.25,96.53,18,10,10.0,NE,2022-07-17 17:41:45
399,Santa Maria,-29.6842,-53.8069,52.9,62,75,8.05,BR,2022-07-17 17:37:00
400,Koroni,36.8,21.95,85.71,67,4,1.81,GR,2022-07-17 17:41:47
401,Nizhnekamsk,55.6366,51.8245,65.19,100,20,6.71,RU,2022-07-17 17:41:47
402,Dolores,-36.3132,-57.6792,56.68,33,2,17.09,AR,2022-07-17 17:41:48
403,Halifax,44.6453,-63.5724,76.89,60,87,5.99,CA,2022-07-17 17:39:54
404,Carupano,10.6678,-63.2585,82.24,81,92,6.64,VE,2022-07-17 17:41:50
405,Mogadishu,2.0371,45.3438,76.55,81,24,18.95,SO,2022-07-17 17:41:51
406,Durban,-29.8579,31.0292,67.12,87,0,5.01,ZA,2022-07-17 17:40:28
407,Yambio,4.5721,28.3955,69.98,95,84,2.91,SS,2022-07-17 17:41:51
408,Coihueco,-36.6167,-71.8333,41.74,93,100,20.71,CL,2022-07-17 17:41:52
409,Ystad,55.4297,13.8204,68.74,63,58,12.8,SE,2022-07-17 17:41:52
410,Rincon,32.296,-81.2354,84.16,65,75,14.97,US,2022-07-17 17:42:53
411,Pemba,-12.974,40.5178,74.16,76,21,12.64,MZ,2022-07-17 17:42:53
412,San Luis,-33.295,-66.3356,58.44,21,7,17.63,AR,2022-07-17 17:42:54
413,Padang,-0.9492,100.3543,73.45,81,84,3.62,ID,2022-07-17 17:42:55
414,Dzialdowo,53.2396,20.17,63.07,57,99,4.0,PL,2022-07-17 17:42:56
415,Yendi,9.4427,-0.0099,75.29,92,96,3.65,GH,2022-07-17 17:42:57
416,Novo Cruzeiro,-17.4681,-41.8753,78.87,31,24,6.69,BR,2022-07-17 17:42:57
417,Sindou,10.6667,-5.1667,79.39,74,95,5.32,BF,2022-07-17 17:42:58
418,Shu,43.5983,73.7614,82.08,19,0,9.91,KZ,2022-07-17 17:42:59
419,Plavinas,56.6178,25.7255,55.45,90,97,4.34,LV,2022-07-17 17:43:00
420,Kostomuksha,64.571,30.5767,56.37,85,84,5.46,RU,2022-07-17 17:43:01
421,La Rioja,42.25,-2.5,96.58,27,37,5.55,ES,2022-07-17 17:43:01
422,Plouzane,48.3833,-4.6167,93.52,30,0,8.05,FR,2022-07-17 17:43:02
423,Tucuma,-0.1833,-50.05,87.26,59,49,7.05,BR,2022-07-17 17:43:03
424,Verkhnyaya Inta,65.9811,60.3094,61.56,85,41,7.29,RU,2022-07-17 17:43:04
425,Betsiamites,48.9413,-68.646,77.4,60,74,14.5,CA,2022-07-17 17:43:04
426,Sars,56.5502,57.1366,61.45,84,50,0.94,RU,2022-07-17 17:43:05
427,The Valley,18.217,-63.0578,89.46,62,20,18.41,AI,2022-07-17 17:43:06
428,Keuruu,62.2667,24.7,55.8,90,88,6.15,FI,2022-07-17 17:43:07
429,Zhob,31.3411,69.4481,73.24,76,91,4.63,PK,2022-07-17 17:43:07
430,Praia,14.9215,-23.5087,82.94,61,20,21.85,CV,2022-07-17 17:43:08
431,Presidente Medici,-11.1753,-61.9014,98.24,26,3,5.28,BR,2022-07-17 17:43:08
432,Bonavista,48.6499,-53.1147,65.17,65,13,19.06,CA,2022-07-17 17:43:09
433,Termoli,41.9888,14.9895,85.78,62,37,5.48,IT,2022-07-17 17:43:09
434,Santana Do Livramento,-30.8908,-55.5328,52.95,60,0,5.37,BR,2022-07-17 17:43:10
435,Tsivilsk,55.8611,47.4664,70.81,84,16,3.83,RU,2022-07-17 17:43:11
436,Santo Antonio Do Sudoeste,-26.0736,-53.7253,60.1,51,31,3.69,BR,2022-07-17 17:42:32
437,Chapleau,47.8405,-83.4034,78.89,50,40,5.75,CA,2022-07-17 17:43:12
438,Cumberland,35.0502,-78.8664,91.87,59,20,9.22,US,2022-07-17 17:43:14
439,Bandarbeyla,9.4942,50.8122,76.84,80,13,35.77,SO,2022-07-17 17:43:14
440,Ekangala,-25.6962,28.7492,56.3,43,0,6.87,ZA,2022-07-17 17:43:15
441,Saint-Georges,12.0564,-61.7485,85.68,74,40,24.16,GD,2022-07-17 17:43:16
442,Brae,60.3964,-1.353,55.33,80,95,12.26,GB,2022-07-17 17:43:18
443,Kananga,-5.8958,22.4178,82.96,30,93,2.39,CD,2022-07-17 17:43:19
444,Freeport,40.6576,-73.5832,86.29,63,75,12.66,US,2022-07-17 17:42:17
445,Bawku,11.0616,-0.2417,79.52,72,93,2.19,GH,2022-07-17 17:43:20
446,Semnan,35.5729,53.3971,93.04,14,0,6.91,IR,2022-07-17 17:43:21
447,Antalaha,-14.9003,50.2788,67.77,86,53,9.35,MG,2022-07-17 17:43:22
448,Itaobim,-16.5667,-41.8333,87.15,28,16,8.21,BR,2022-07-17 17:43:23
449,Bayan,46.0833,127.4,64.38,97,98,7.54,CN,2022-07-17 17:43:24
450,Balkanabat,39.5108,54.3671,98.69,12,0,6.31,TM,2022-07-17 17:43:24
451,Alpena,45.0617,-83.4327,77.25,73,0,5.75,US,2022-07-17 17:43:25
452,Seidu,9.0167,-10.6,71.91,96,85,5.28,SL,2022-07-17 17:43:25
453,Matiri,-10.75,34.9,58.1,68,83,2.1,TZ,2022-07-17 17:43:26
454,Iquitos,-3.7481,-73.2472,84.24,74,75,2.3,PE,2022-07-17 17:43:27
455,Banda Aceh,5.5577,95.3222,79.74,81,84,4.59,ID,2022-07-17 17:43:27
456,Tibu,8.639,-72.7358,94.77,42,68,3.98,CO,2022-07-17 17:43:28
457,Ayagoz,47.9714,80.4392,65.53,63,75,8.84,KZ,2022-07-17 17:44:29
458,Lethem,3.3803,-59.7968,87.58,63,57,2.24,GY,2022-07-17 17:44:30
459,Natal,-5.795,-35.2094,82.62,78,75,18.41,BR,2022-07-17 17:44:21
460,Boysun,38.2061,67.1986,82.18,16,0,5.95,UZ,2022-07-17 17:44:31
461,Taywarah,33.35,64.4167,67.1,19,12,4.59,AF,2022-07-17 17:44:31
462,Santa Cruz Del Norte,23.1539,-81.9236,86.31,65,49,5.77,CU,2022-07-17 17:44:32
463,Altamira,-3.2033,-52.2064,94.35,35,28,3.2,BR,2022-07-17 17:44:33
464,Tahoua,14.8888,5.2692,85.98,62,20,9.22,NE,2022-07-17 17:44:33
465,Visby,57.6409,18.296,65.05,77,0,8.05,SE,2022-07-17 17:44:34
466,Togul,53.465,85.9128,58.35,72,100,4.81,RU,2022-07-17 17:44:34
467,Itapirapua,-15.8233,-50.6133,96.31,14,32,7.27,BR,2022-07-17 17:44:35
468,Partyzany,46.3314,34.7503,71.76,60,39,13.24,UA,2022-07-17 17:44:36
469,Kajaani,64.2273,27.7285,59.05,82,0,5.75,FI,2022-07-17 17:44:37
470,Skibbereen,51.55,-9.2667,69.12,74,100,4.23,IE,2022-07-17 17:44:38
471,Sisimiut,66.9395,-53.6735,46.99,76,96,2.98,GL,2022-07-17 17:44:38
472,Koslan,63.4564,48.8989,60.82,67,83,3.22,RU,2022-07-17 17:44:39
473,Tocopilla,-22.092,-70.1979,65.19,64,16,8.79,CL,2022-07-17 17:44:39
474,Gwadar,25.1216,62.3254,88.02,72,100,6.64,PK,2022-07-17 17:44:40
475,Juba,4.8517,31.5825,73.04,83,51,5.93,SS,2022-07-17 17:44:41
476,Santa Rosa,14.3122,121.1114,78.12,95,86,1.99,PH,2022-07-17 17:44:41
477,Uyskoye,54.3775,60.0047,62.62,79,38,5.99,RU,2022-07-17 17:44:42
478,Kapuskasing,49.4169,-82.4331,82.49,57,0,11.5,CA,2022-07-17 17:44:43
479,Santa Isabel Do Rio Negro,-0.4139,-65.0192,90.81,49,69,5.48,BR,2022-07-17 17:44:43
480,Espanola,35.9911,-106.0806,92.14,27,8,1.99,US,2022-07-17 17:44:44
481,Smithfield,41.922,-71.5495,90.41,58,20,4.0,US,2022-07-17 17:40:25
482,Diffa,13.3154,12.6113,75.87,79,98,18.3,NE,2022-07-17 17:44:45
483,Santa Marta,11.2408,-74.199,93.25,62,40,8.05,CO,2022-07-17 17:41:52
484,Sorland,67.667,12.6934,51.66,77,80,14.47,NO,2022-07-17 17:44:46
485,Neustadt,49.7117,12.0872,80.26,18,0,3.44,DE,2022-07-17 17:44:47
486,Margate,51.3813,1.3862,81.1,58,82,12.59,GB,2022-07-17 17:43:00
487,Hattiesburg,31.3271,-89.2903,91.72,65,20,5.75,US,2022-07-17 17:42:19
488,Huarmey,-10.0681,-78.1522,67.84,69,13,10.76,PE,2022-07-17 17:44:48
489,La Palma,33.8464,-118.0467,92.34,77,75,5.75,US,2022-07-17 17:44:49
490,Riyadh,24.6877,46.7219,100.54,11,89,6.4,SA,2022-07-17 17:44:49
491,Altay,47.8667,88.1167,66.9,48,31,5.97,CN,2022-07-17 17:44:50
492,Hun,29.1268,15.9477,89.01,18,0,10.36,LY,2022-07-17 17:44:51
493,Waddan,29.1614,16.139,88.7,19,0,10.09,LY,2022-07-17 17:44:51
494,Nizwa,22.9333,57.5333,87.48,57,100,2.57,OM,2022-07-17 17:44:52
495,Portobelo,9.55,-79.65,80.38,81,70,4.76,PA,2022-07-17 17:44:52
496,Morros,-9.4467,-46.3003,92.26,22,19,8.01,BR,2022-07-17 17:44:53
497,Nkhotakota,-12.9274,34.2961,68.07,66,11,8.5,MW,2022-07-17 17:44:54
498,Mancio Lima,-7.6142,-72.8958,87.87,66,75,3.44,BR,2022-07-17 17:44:55
499,Luangwa,-15.6167,30.4167,64.54,60,12,3.83,ZM,2022-07-17 17:44:55
500,Pasinler,39.9803,41.6764,72.59,69,0,7.2,TR,2022-07-17 17:44:56
501,Marathon,44.9,-89.7668,83.44,54,0,6.91,US,2022-07-17 17:44:56
502,Sinzheim,48.7637,8.1666,85.14,29,0,9.22,DE,2022-07-17 17:44:57
503,Nalut,30.3333,10.85,94.15,12,0,8.61,LY,2022-07-17 17:44:58
504,Yasnyy,51.0333,59.8742,73.56,54,33,6.71,RU,2022-07-17 17:45:59
505,South Venice,27.0531,-82.4243,89.06,73,20,11.5,US,2022-07-17 17:46:00
506,Liwale,-9.7667,37.9333,72.18,45,98,3.94,TZ,2022-07-17 17:46:01
507,Sarahan,31.5167,77.8,65.28,91,17,0.56,IN,2022-07-17 17:46:01
508,Kautokeino,69.0125,23.0412,48.29,87,100,2.57,NO,2022-07-17 17:46:02
509,Muravlenko,63.7898,74.523,64.35,50,99,8.97,RU,2022-07-17 17:46:02
510,Impfondo,1.6381,18.0667,72.59,97,94,3.4,CG,2022-07-17 17:46:03
511,Palasa,18.7667,84.4167,77.54,93,94,7.67,IN,2022-07-17 17:45:55
512,Ribas Do Rio Pardo,-20.4431,-53.7592,80.98,42,96,5.48,BR,2022-07-17 17:46:04
513,Oneonta,42.4529,-75.0638,89.29,61,35,2.62,US,2022-07-17 17:46:05
514,Yelanskiy,56.8419,62.5014,60.98,95,64,4.0,RU,2022-07-17 17:46:05
515,Treinta Y Tres,-33.2333,-54.3833,52.61,58,0,13.18,UY,2022-07-17 17:46:06
516,Les Cayes,18.2,-73.75,88.02,61,5,14.34,HT,2022-07-17 17:46:06
517,Westport,41.1415,-73.3579,86.72,62,0,6.91,US,2022-07-17 17:46:07
518,Kaliua,-5.0606,31.7936,73.89,35,34,5.73,TZ,2022-07-17 17:46:07
519,Aksu,41.1231,80.2644,80.02,28,0,10.25,CN,2022-07-17 17:46:08
520,Qunduz,36.729,68.857,91.96,11,0,1.88,AF,2022-07-17 17:46:08
521,Digapahandi,19.3667,84.5833,78.28,92,94,3.65,IN,2022-07-17 17:46:09
522,Dalbandin,28.8947,64.4101,90.48,41,43,20.74,PK,2022-07-17 17:46:10
523,Salym,60.0625,71.4789,56.62,80,70,5.12,RU,2022-07-17 17:46:10
524,Megion,61.0296,76.1136,57.22,70,85,15.05,RU,2022-07-17 17:46:11
525,Bahia Blanca,-38.7196,-62.2724,59.56,29,86,19.55,AR,2022-07-17 17:46:12
526,Ongandjera,-17.8833,15.0667,65.05,28,0,8.32,NA,2022-07-17 17:46:13
527,Krasnotorka,48.682,37.5327,66.49,64,79,10.83,UA,2022-07-17 17:46:13
528,Ivybridge,50.3904,-3.9191,81.52,48,90,8.95,GB,2022-07-17 17:46:15
529,Mahdasht,35.7299,50.8111,89.82,13,0,4.61,IR,2022-07-17 17:46:16
530,Zaysan,47.4667,84.8667,71.46,37,49,6.31,KZ,2022-07-17 17:46:17
531,Coihaique,-45.5752,-72.0662,42.75,61,75,4.61,CL,2022-07-17 17:42:37
532,Cordoba,-31.4135,-64.1811,66.42,19,0,11.5,AR,2022-07-17 17:46:18
533,Saraland,30.8207,-88.0706,92.8,55,2,6.82,US,2022-07-17 17:46:18
534,Talcahuano,-36.7167,-73.1167,51.48,93,100,9.22,CL,2022-07-17 17:46:19
535,San Joaquin,37.9333,-121.3011,92.35,34,0,0.0,US,2022-07-17 17:46:20
536,Luanda,-8.8368,13.2343,69.15,87,70,16.55,AO,2022-07-17 17:46:20
537,Soverato,38.685,16.5499,82.35,44,0,3.11,IT,2022-07-17 17:46:21
538,Vuktyl,63.8567,57.3094,61.72,91,84,1.74,RU,2022-07-17 17:46:22
539,Jega,12.2175,4.3792,81.61,71,99,8.16,NG,2022-07-17 17:46:23
540,Chimbote,-9.0853,-78.5783,68.09,68,49,10.96,PE,2022-07-17 17:46:24
541,Owando,-0.4819,15.8999,79.57,56,67,2.06,CG,2022-07-17 17:46:25
542,Riviere-Au-Renard,48.9957,-64.3971,66.49,66,50,6.2,CA,2022-07-17 17:46:26
543,Wukari,7.85,9.7833,77.11,77,100,2.75,NG,2022-07-17 17:46:27
544,Agadir,30.4202,-9.5982,81.05,60,12,5.44,MA,2022-07-17 17:46:27
545,Vizinga,61.0749,50.1031,63.1,61,66,2.26,RU,2022-07-17 17:46:28
546,Budelsdorf,54.3167,9.6833,67.12,70,86,10.36,DE,2022-07-17 17:46:29
547,Talnakh,69.4865,88.3972,58.21,71,95,3.85,RU,2022-07-17 17:46:30
548,Katete,-0.7818,29.7544,73.22,42,57,3.31,UG,2022-07-17 17:46:31
549,Hualmay,-11.0964,-77.6139,65.82,71,29,9.6,PE,2022-07-17 17:46:32
550,Pudozh,61.8099,36.5345,54.41,93,59,7.45,RU,2022-07-17 17:46:32
551,Kasama,-10.2129,31.1808,62.46,45,68,7.09,ZM,2022-07-17 17:46:33
552,Krivosheino,57.3431,83.9261,50.52,93,91,6.51,RU,2022-07-17 17:47:33
553,Toamasina,-18.1667,49.3833,64.4,94,75,8.05,MG,2022-07-17 17:47:34
554,Husavik,66.0449,-17.3389,46.8,91,99,11.07,IS,2022-07-17 17:47:35
555,Asfi,32.2994,-9.2372,72.86,78,16,15.75,MA,2022-07-17 17:47:36
556,Sorokino,53.75,84.9167,50.77,93,27,6.11,RU,2022-07-17 17:47:37
557,Lodwar,3.1191,35.5973,85.96,38,60,7.74,KE,2022-07-17 17:47:38
558,Mao,39.8885,4.2658,88.36,51,0,5.75,ES,2022-07-17 17:47:39
559,Florianopolis,-27.6146,-48.5012,68.13,68,20,12.66,BR,2022-07-17 17:44:39
560,Kochi,9.9399,76.2602,77.02,86,99,6.17,IN,2022-07-17 17:47:40
561,Novaya Zaimka,56.4857,66.9241,59.49,92,100,2.66,RU,2022-07-17 17:47:41
562,Atasu,48.6814,71.6433,71.2,54,49,9.73,KZ,2022-07-17 17:47:41
563,Kalush,49.0119,24.3731,59.36,55,61,7.11,UA,2022-07-17 17:47:42
564,Boundiali,9.5217,-6.4869,79.5,75,87,6.96,CI,2022-07-17 17:47:43
565,Birao,10.2849,22.7882,74.7,86,90,6.02,CF,2022-07-17 17:47:43
566,Nasice,45.4886,18.0878,80.55,40,36,7.36,HR,2022-07-17 17:47:44
567,Jodar,37.8406,-3.3526,102.72,10,0,8.59,ES,2022-07-17 17:47:44
568,Krasnaya Gora,52.9995,31.6023,55.62,93,100,5.86,RU,2022-07-17 17:47:45
569,Bilma,18.6853,12.9164,94.12,28,73,9.4,NE,2022-07-17 17:47:45
570,Ostersund,63.1792,14.6357,54.05,87,75,6.91,SE,2022-07-17 17:47:46
571,Sudogda,55.9539,40.8629,63.93,63,89,0.98,RU,2022-07-17 17:47:47
572,Ormara,25.2088,64.6357,84.9,85,97,15.88,PK,2022-07-17 17:47:48
573,Filingue,14.3521,3.3168,90.72,44,79,7.31,NE,2022-07-17 17:47:48
574,Lerwick,60.1545,-1.1494,55.4,79,92,11.48,GB,2022-07-17 17:47:49
575,Nata,8.3333,-80.5167,85.87,62,100,3.49,PA,2022-07-17 17:47:49
576,Viedma,-40.8135,-62.9967,54.77,36,42,28.5,AR,2022-07-17 17:47:50
577,Matam,15.6175,-13.3303,96.8,36,0,6.91,SN,2022-07-17 17:47:50
578,Amarante Do Maranhao,-5.5667,-46.7422,94.91,25,60,6.29,BR,2022-07-17 17:47:51
579,Westerstede,53.25,7.9333,72.95,65,91,5.5,DE,2022-07-17 17:47:51
580,Mutoko,-17.397,32.2268,58.95,52,95,4.94,ZW,2022-07-17 17:47:52
